<?xml version="1.0" encoding="UTF-8"?>
<beans xmlns="http://www.springframework.org/schema/beans"
	xmlns:xsi="http://www.w3.org/2001/XMLSchema-instance"
	xmlns:mybatis-spring="http://mybatis.org/schema/mybatis-spring"
	xmlns:context="http://www.springframework.org/schema/context"
	xsi:schemaLocation="http://mybatis.org/schema/mybatis-spring http://mybatis.org/schema/mybatis-spring-1.2.xsd
		http://www.springframework.org/schema/beans https://www.springframework.org/schema/beans/spring-beans.xsd
		http://www.springframework.org/schema/context http://www.springframework.org/schema/context/spring-context-4.3.xsd">

	<bean id="dataSource"
		class="org.apache.commons.dbcp2.BasicDataSource"
		destroy-method="close">
		<property name="driverClassName" value="net.sf.log4jdbc.sql.jdbcapi.DriverSpy"></property>
		<property name="url" value="jdbc:log4jdbc:mysql://localhost:3306/springboard?useUnicode=yes&amp;characterEncoding=utf8&amp;useSSL=false&amp;serverTimezone=UTC"></property>			
		<property name="username" value="root" /><!-- db 계정에 맞게 수정 -->
		<property name="password" value="0000" /><!-- db 계정에 맞게 수정 -->
	</bean>
	<bean id="sqlSessionFactory"
		class="org.mybatis.spring.SqlSessionFactoryBean">
		<property name="dataSource" ref="dataSource"></property>
	</bean>


	<!-- 내가 추가한거 -->
	<!-- mybatis - mapper 설정 -->
	  <mybatis-spring:scan
	 base-package="com.my.ch.mapper" /><!--   패키지명에 맞게 수정 -->
	
		
	<!-- 내가 추가한거 -->

	<context:component-scan base-package="com.my.ch.service">
	</context:component-scan>

	
	<!-- 내가 추가한거 -->
<!--  <context:component-scan base-package="org.zerock.sample"> </context:component-scan> -->



</beans>
